season,month,month_order,milk_production_ml
2020-21,Jul,1,628.9418
2020-21,Aug,2,716.7991
2020-21,Sep,3,867.8731
2020-21,Oct,4,962.2899
2020-21,Nov,5,904.9440
2020-21,Dec,6,848.8896
2020-21,Jan,7,761.6647
2020-21,Feb,8,617.6912
2020-21,Mar,9,628.4339
2020-21,Apr,10,624.3926
2020-21,May,11,671.1455
2020-21,Jun,12,625.0694
2021-22,Jul,1,607.7879
2021-22,Aug,2,691.2162
2021-22,Sep,3,843.9992
2021-22,Oct,4,943.5791
2021-22,Nov,5,898.7479
2021-22,Dec,6,838.5463
2021-22,Jan,7,712.8077
2021-22,Feb,8,579.0559
2021-22,Mar,9,594.3675
2021-22,Apr,10,581.7588
2021-22,May,11,607.8791
2021-22,Jun,12,562.8359
2022-23,Jul,1,581.0206
2022-23,Aug,2,670.8343
2022-23,Sep,3,809.5863
2022-23,Oct,4,901.7257
2022-23,Nov,5,831.2040
2022-23,Dec,6,801.7228
2022-23,Jan,7,701.9897
2022-23,Feb,8,562.6364
2022-23,Mar,9,589.6525
2022-23,Apr,10,586.0284
2022-23,May,11,632.5411
2022-23,Jun,12,586.3415
2023-24,Jul,1,580.5538
2023-24,Aug,2,674.4771
2023-24,Sep,3,813.6060
2023-24,Oct,4,918.8102
2023-24,Nov,5,882.7634
2023-24,Dec,6,817.8874
2023-24,Jan,7,736.6190
2023-24,Feb,8,609.1720
2023-24,Mar,9,604.2183
2023-24,Apr,10,598.9889
2023-24,May,11,651.5200
2023-24,Jun,12,605.5923
2024-25,Jul,1,588.2519
2024-25,Aug,2,698.0973
2024-25,Sep,3,835.7692
2024-25,Oct,4,944.8553
2024-25,Nov,5,893.1844
2024-25,Dec,6,823.1934
2024-25,Jan,7,728.8461
2024-25,Feb,8,588.8778
2024-25,Mar,9,614.0215
2024-25,Apr,10,607.0961
2024-25,May,11,632.5050
2024-25,Jun,12,570.5449